kilometrage,age_vehicule,regime_moteur,temperature_moteur,pression_huile,tension_batterie,type_carburant,nbre_entretiens,etat
126958,7,937,77,2.5,13.6,essence,13,aucune_panne
151867,3,3646,72,0.8,14.5,diesel,0,panne_critique
136932,10,3230,72,2.3,14.8,essence,6,aucune_panne
264178,10,2660,90,1.7,13.7,diesel,7,entretien_conseille
124879,19,1748,61,3.8,12.1,essence,17,entretien_conseille
115268,14,3229,75,0.7,14.3,diesel,8,entretien_conseille
212892,2,3664,68,2.2,11.2,essence,0,panne_probable
59886,1,1663,97,2.3,11.9,essence,16,aucune_panne
142337,18,1236,113,3.4,14.4,diesel,18,panne_probable
92498,7,4923,115,2.8,12.0,diesel,5,entretien_conseille
180203,8,4379,104,3.2,11.8,essence,2,panne_critique
196335,1,4887,93,3.6,11.5,diesel,4,panne_probable
283167,3,4424,68,3.9,14.3,diesel,1,panne_critique
46090,8,1242,67,1.8,12.9,essence,19,aucune_panne
69820,15,1545,66,2.7,13.6,diesel,3,aucune_panne
267913,5,4303,95,3.9,11.9,essence,9,panne_critique
199027,3,3736,77,4.5,13.9,essence,9,aucune_panne
257709,19,3194,62,4.1,13.9,diesel,10,panne_critique
204041,1,3419,87,2.0,12.2,diesel,15,aucune_panne
272455,15,2584,129,1.3,12.6,essence,16,panne_critique
108355,8,4838,103,2.5,11.8,essence,15,entretien_conseille
240796,2,3901,80,3.5,14.7,essence,6,aucune_panne
219176,3,3410,87,2.5,13.5,essence,15,aucune_panne
189779,14,2653,113,2.4,14.6,essence,2,panne_critique
263795,14,4550,113,3.9,12.2,essence,15,panne_critique
161730,11,1389,124,1.9,14.0,diesel,7,panne_probable
154503,16,2650,80,3.9,13.9,diesel,11,panne_probable
135523,4,1156,72,2.1,13.6,diesel,2,aucune_panne
7747,5,2830,116,1.8,14.7,essence,16,entretien_conseille
128855,14,4676,108,2.3,12.5,diesel,17,panne_probable
70725,16,4944,113,3.5,11.5,essence,10,panne_critique
134981,18,1879,69,1.0,13.6,essence,3,panne_probable
89654,7,4985,112,1.3,13.8,diesel,15,panne_critique
72435,10,4265,103,4.3,13.2,essence,16,aucune_panne
36551,7,1582,106,1.2,11.8,essence,8,panne_critique
278538,1,1099,112,2.8,12.9,essence,5,panne_critique
8890,19,1308,105,2.8,12.2,essence,19,entretien_conseille
46606,16,2338,72,2.5,12.6,essence,1,panne_probable
261840,19,2848,96,3.1,13.5,essence,8,panne_critique
146699,4,2082,83,1.4,13.8,diesel,5,entretien_conseille
275936,18,2103,61,2.7,11.9,essence,2,panne_critique
244931,2,1519,73,2.0,12.5,essence,19,aucune_panne
244629,1,3992,69,3.1,12.0,essence,5,aucune_panne
210041,15,1519,94,1.1,11.8,essence,6,panne_critique
179073,5,1119,84,2.8,14.0,diesel,0,entretien_conseille
212624,11,4919,62,1.2,14.5,diesel,0,panne_critique
73148,10,4002,76,1.6,12.4,essence,4,aucune_panne
257801,2,2208,71,1.4,13.9,essence,5,panne_critique
129243,3,1467,113,1.2,14.4,essence,12,panne_probable
256995,12,2744,83,3.8,14.2,diesel,1,panne_critique
159555,5,2839,88,1.6,11.7,diesel,14,entretien_conseille
53555,5,3729,102,4.2,14.6,diesel,14,aucune_panne
261508,6,2249,84,4.4,12.4,diesel,12,entretien_conseille
284303,9,2464,119,2.8,12.3,essence,13,panne_critique
111530,2,3345,124,1.1,11.2,diesel,6,panne_critique
85077,12,4416,87,2.0,12.8,diesel,13,aucune_panne
205551,3,2993,75,3.7,11.4,essence,9,entretien_conseille
286601,12,3408,106,2.0,11.9,essence,16,panne_critique
213261,17,1600,117,0.8,12.2,diesel,13,panne_critique
245181,10,3784,86,2.7,14.1,diesel,7,aucune_panne
176829,14,2709,112,3.9,14.3,diesel,3,panne_probable
276836,17,941,101,3.7,12.1,diesel,15,panne_critique
207283,18,3085,118,1.2,14.3,essence,12,panne_critique
201769,19,4968,106,3.2,14.3,essence,19,panne_critique
42065,17,1371,93,1.4,13.9,diesel,17,panne_probable
228165,14,863,96,1.4,11.6,diesel,13,panne_critique
104299,9,1164,65,4.0,13.6,diesel,17,aucune_panne
16534,8,3742,66,1.5,14.6,diesel,4,aucune_panne
45397,2,3142,84,1.6,13.6,diesel,8,aucune_panne
262750,13,3055,92,0.5,12.3,essence,2,panne_critique
268160,7,4978,114,4.0,12.9,essence,7,panne_critique
60591,9,3257,117,3.7,13.5,essence,19,entretien_conseille
225884,11,1245,66,3.0,12.9,diesel,9,entretien_conseille
28247,14,4535,116,3.5,11.5,diesel,18,panne_critique
29300,4,1293,71,1.1,12.2,essence,2,panne_probable
87798,13,4504,75,2.3,14.0,essence,10,aucune_panne
14268,2,2159,102,1.9,14.3,diesel,10,aucune_panne
279329,5,4193,66,0.9,11.5,essence,16,panne_critique
199776,11,3301,110,2.4,14.6,diesel,15,panne_probable
222851,6,3144,91,4.2,12.2,diesel,6,aucune_panne
241584,18,3372,67,0.7,13.5,essence,3,panne_critique
43044,10,4900,104,1.7,13.9,essence,18,aucune_panne
53984,4,716,118,1.3,14.1,essence,11,panne_critique
269712,9,3891,63,1.5,14.6,diesel,14,entretien_conseille
125151,6,1092,126,4.1,12.2,diesel,10,entretien_conseille
138767,2,1124,88,2.4,14.3,essence,4,aucune_panne
129375,17,1271,88,2.4,11.5,diesel,4,panne_probable
184262,5,4331,87,3.5,13.7,diesel,14,entretien_conseille
141330,6,1820,103,1.1,13.8,diesel,17,entretien_conseille
169231,12,941,63,2.4,13.6,essence,10,entretien_conseille
18986,10,4597,68,2.2,12.0,diesel,11,aucune_panne
66858,6,4795,64,2.9,14.3,essence,1,entretien_conseille
134312,8,2979,115,4.5,11.6,essence,19,panne_probable
17666,2,1488,109,3.6,11.2,diesel,14,panne_probable
139633,12,1414,74,2.1,13.7,essence,19,aucune_panne
293998,13,3549,91,3.8,12.8,diesel,3,panne_probable
109488,7,1475,87,1.2,14.2,essence,17,entretien_conseille
188323,10,4726,81,0.6,12.5,essence,5,panne_probable
289806,13,2947,76,1.3,11.6,diesel,18,panne_critique
275536,17,778,118,1.9,14.2,essence,10,panne_critique
35535,14,4626,116,2.5,13.1,essence,1,panne_critique
82373,2,1555,85,3.0,11.7,essence,7,aucune_panne
128684,11,2848,84,4.1,13.7,diesel,10,aucune_panne
278109,1,1731,69,2.5,12.9,diesel,4,entretien_conseille
29538,19,3971,104,2.5,13.3,essence,17,entretien_conseille
206664,4,4276,70,0.7,12.8,essence,17,panne_probable
144182,19,4882,112,0.6,14.1,essence,13,panne_critique
163338,11,4156,127,2.7,14.2,diesel,9,panne_critique
189064,8,4206,87,2.3,13.7,diesel,2,panne_probable
219020,11,1107,124,3.9,11.4,essence,8,panne_critique
103806,4,3411,108,1.1,14.2,diesel,2,panne_critique
95982,17,3788,106,0.6,13.5,diesel,10,panne_critique
126626,7,2368,111,2.3,13.6,diesel,11,entretien_conseille
124176,8,847,113,1.4,12.4,diesel,11,panne_probable
223126,3,4597,119,0.7,14.3,essence,2,panne_critique
223969,2,2650,116,3.4,13.8,diesel,6,panne_probable
127409,15,1065,106,0.9,11.4,diesel,13,panne_critique
28419,5,2374,90,2.9,12.5,essence,10,aucune_panne
258618,1,3246,105,1.6,14.4,essence,6,entretien_conseille
250310,4,1262,85,1.2,11.2,diesel,9,panne_critique
55015,15,4262,64,2.0,14.7,diesel,10,aucune_panne
253550,19,3189,111,3.7,13.6,essence,14,panne_critique
127096,3,1472,113,2.1,13.4,essence,18,entretien_conseille
112059,11,2737,92,3.5,12.0,essence,15,aucune_panne
190340,17,4123,109,1.0,11.9,diesel,19,panne_critique
115687,13,3267,97,3.6,14.6,diesel,11,aucune_panne
216428,11,2273,86,1.4,12.1,essence,17,panne_probable
110878,2,4394,74,3.2,13.9,diesel,12,aucune_panne
207982,9,3991,120,2.8,12.5,essence,4,panne_probable
203286,2,1946,80,4.2,11.5,diesel,3,entretien_conseille
254002,9,4419,105,2.0,11.0,essence,13,panne_critique
255396,9,4539,128,0.8,13.1,essence,7,panne_critique
169899,8,1059,65,0.6,14.7,diesel,8,panne_probable
48585,17,3076,97,3.8,12.4,diesel,18,entretien_conseille
69044,1,3709,121,2.6,12.4,diesel,2,panne_probable
114556,11,3693,121,3.6,12.3,diesel,4,entretien_conseille
7693,8,1662,105,1.4,13.0,diesel,17,entretien_conseille
248307,10,4332,72,1.9,12.7,diesel,0,panne_probable
205235,7,2527,62,0.6,14.3,essence,7,panne_probable
30939,3,2313,65,4.3,12.9,diesel,18,aucune_panne
157906,3,2340,67,3.2,12.9,essence,16,aucune_panne
23047,18,2916,103,4.2,11.5,essence,16,panne_probable
293249,5,1077,92,1.6,14.7,diesel,10,entretien_conseille
80766,12,4914,109,2.9,11.9,essence,1,panne_critique
49262,12,4985,70,3.2,11.3,essence,5,entretien_conseille
290920,19,1069,87,1.8,13.5,diesel,13,panne_critique
166152,6,2896,129,3.9,13.3,diesel,2,panne_critique
133376,2,4447,100,4.3,12.6,diesel,11,aucune_panne
142848,12,1351,75,4.0,12.6,essence,3,aucune_panne
97787,19,1469,127,3.5,14.0,diesel,11,panne_probable
132948,5,3121,107,1.6,11.7,diesel,12,panne_probable
60016,12,1480,115,1.6,14.1,diesel,1,panne_probable
26959,17,2416,123,4.4,13.5,diesel,1,panne_critique
141602,17,4683,118,0.5,12.6,essence,14,panne_critique
230928,10,2011,121,3.4,12.7,diesel,16,panne_probable
270892,17,4059,70,3.3,12.0,essence,6,panne_critique
233576,15,1222,77,3.0,13.9,diesel,13,entretien_conseille
18545,12,1221,78,4.5,12.9,essence,11,aucune_panne
170838,16,3020,114,1.7,12.2,essence,16,panne_critique
66087,19,1635,85,1.9,13.3,essence,13,entretien_conseille
73840,8,2930,65,0.8,14.8,diesel,5,entretien_conseille
123451,17,4740,63,2.3,12.7,essence,18,entretien_conseille
44353,5,4397,88,1.5,14.5,diesel,5,aucune_panne
198075,16,3537,118,1.9,12.3,diesel,17,panne_critique
219283,6,4783,76,3.8,11.2,diesel,4,panne_probable
70318,8,3161,102,4.2,11.8,diesel,5,aucune_panne
246025,18,3943,125,1.2,12.6,diesel,1,panne_critique
72172,12,4059,93,2.0,11.8,essence,7,entretien_conseille
221688,15,1385,67,4.2,11.0,diesel,14,panne_probable
261951,9,2860,72,0.7,14.5,essence,14,panne_critique
98264,13,4688,67,0.9,14.2,essence,10,panne_probable
251458,15,4766,124,1.2,13.8,essence,0,panne_critique
293880,10,2267,102,2.9,11.6,essence,17,panne_probable
230281,16,738,98,1.1,11.5,essence,11,panne_critique
117859,7,3244,118,4.4,11.3,essence,11,panne_probable
274536,17,1956,103,2.3,13.8,essence,10,panne_critique
262426,7,3690,68,2.5,14.5,diesel,7,entretien_conseille
182789,14,2896,96,1.5,12.6,essence,6,entretien_conseille
223164,15,4168,95,2.4,11.5,diesel,1,panne_critique
130657,7,3408,87,3.1,12.9,essence,10,aucune_panne
240167,9,1001,101,3.5,12.3,essence,9,aucune_panne
162381,19,1346,102,3.5,12.4,essence,2,panne_critique
199806,16,2459,101,2.8,13.4,essence,19,panne_probable
75467,8,1297,125,4.1,13.7,diesel,9,entretien_conseille
188734,18,1361,114,3.8,11.4,diesel,17,panne_critique
103506,18,2068,107,3.5,11.1,diesel,13,panne_critique
114751,7,3281,81,0.7,14.8,essence,17,entretien_conseille
292486,3,4568,86,0.5,11.9,essence,7,panne_critique
173229,18,4237,126,1.3,11.2,essence,9,panne_critique
111081,10,982,72,3.2,11.7,diesel,12,aucune_panne
94045,7,4378,104,2.1,11.1,essence,7,entretien_conseille
39698,17,2186,69,2.1,12.5,diesel,3,entretien_conseille
115078,14,4782,68,4.0,14.0,diesel,3,aucune_panne
27671,3,4883,113,4.1,12.3,essence,4,entretien_conseille
91202,12,1160,86,4.1,12.7,essence,0,entretien_conseille
56663,13,3025,93,1.8,13.6,diesel,16,aucune_panne
20708,2,4454,60,3.3,12.9,diesel,1,entretien_conseille
138883,3,3168,91,1.6,14.3,diesel,7,aucune_panne
117547,5,2424,126,1.3,14.3,essence,6,panne_probable
39754,11,2076,79,1.2,11.0,essence,14,panne_probable
231814,8,3443,94,1.9,14.0,essence,4,aucune_panne
242714,12,1214,76,2.2,12.8,essence,1,panne_probable
147483,7,1402,77,3.8,14.8,essence,6,aucune_panne
138983,15,2353,104,1.0,12.8,essence,7,entretien_conseille
219835,17,2766,112,3.4,14.8,diesel,6,panne_critique
89896,4,722,127,2.6,13.9,diesel,6,entretien_conseille
76295,13,3160,124,1.7,11.9,diesel,13,panne_probable
224686,18,2004,60,2.5,13.0,essence,17,panne_probable
278255,1,4000,117,1.7,14.8,diesel,5,panne_critique
137874,16,1061,85,2.9,14.3,essence,3,entretien_conseille
13155,13,4427,79,2.2,11.4,essence,9,entretien_conseille
52254,10,1984,69,1.2,13.7,diesel,17,entretien_conseille
289062,12,1214,118,1.0,12.3,essence,11,panne_critique
90981,2,1148,100,2.7,11.0,diesel,15,aucune_panne
35306,3,2555,64,4.1,12.5,diesel,6,aucune_panne
152718,10,4262,124,1.9,11.9,essence,5,panne_critique
125975,2,3220,76,3.4,14.1,diesel,4,aucune_panne
112512,13,3781,81,3.1,12.3,diesel,2,entretien_conseille
152443,13,2128,100,4.2,14.1,diesel,11,entretien_conseille
138121,18,4667,127,3.8,11.0,diesel,14,panne_critique
167688,3,1622,128,2.8,12.2,essence,9,panne_probable
288076,7,3837,70,3.1,11.9,diesel,19,panne_probable
122796,14,2859,115,4.1,11.9,diesel,18,panne_probable
296999,17,3247,110,2.1,11.3,diesel,15,panne_critique
197506,12,3679,80,1.8,11.7,essence,10,panne_probable
179088,16,2981,85,0.5,13.1,diesel,7,panne_critique
274544,12,3349,78,3.8,12.1,essence,2,panne_critique
178714,15,1013,119,3.7,12.6,diesel,6,panne_probable
20151,10,3313,106,0.9,12.4,diesel,6,panne_probable
71690,7,3783,85,2.8,14.3,diesel,13,aucune_panne
9499,5,2956,99,2.4,14.4,essence,1,aucune_panne
11295,1,1737,64,1.0,12.9,essence,9,entretien_conseille
279327,17,4189,80,4.4,12.3,essence,18,panne_critique
148946,3,3334,63,1.4,11.4,essence,8,panne_probable
37711,13,4683,82,0.8,14.6,essence,15,panne_probable
272683,14,2478,74,2.9,11.2,essence,18,panne_critique
189423,18,4595,67,3.5,12.1,diesel,17,panne_probable
184426,4,1824,100,0.6,12.1,essence,8,panne_probable
138629,18,1397,78,3.1,12.2,diesel,15,entretien_conseille
218090,5,2879,105,2.6,11.6,essence,12,entretien_conseille
138272,16,2104,87,0.9,14.0,essence,9,panne_probable
248548,1,1743,127,1.2,11.5,essence,19,panne_critique
183047,14,2629,74,2.8,13.4,diesel,13,entretien_conseille
288501,15,1713,96,1.7,11.5,essence,11,panne_critique
124121,9,926,60,4.3,11.3,essence,18,aucune_panne
82505,15,2528,126,3.8,14.5,diesel,6,entretien_conseille
7869,17,2723,83,4.4,11.7,diesel,14,panne_probable
262186,4,3152,86,1.5,14.1,diesel,15,entretien_conseille
117296,12,2785,99,4.4,13.1,diesel,7,aucune_panne
99179,5,4983,122,2.2,11.3,essence,9,panne_probable
95272,5,1780,120,1.9,14.6,diesel,3,entretien_conseille
43467,11,3020,95,0.7,11.9,essence,18,panne_probable
290472,6,3890,83,0.7,14.3,essence,18,panne_critique
140059,7,3330,83,3.3,11.6,diesel,14,aucune_panne
63871,14,3263,63,2.3,14.2,essence,13,aucune_panne
133391,11,3992,126,1.4,11.1,diesel,0,panne_critique
91416,13,4286,93,3.0,12.9,essence,15,aucune_panne
261687,2,3647,116,1.5,13.9,diesel,9,panne_critique
206163,7,4659,108,2.8,14.6,diesel,18,panne_probable
112450,4,3513,112,1.9,14.5,diesel,2,panne_probable
176890,8,3283,82,3.8,14.1,diesel,4,aucune_panne
286974,19,861,128,3.8,14.4,diesel,8,panne_critique
121381,13,1293,112,2.4,11.8,diesel,17,panne_probable
52333,14,3959,121,1.9,12.1,essence,10,entretien_conseille
139508,10,4855,100,2.0,12.1,essence,15,aucune_panne
210362,11,3662,116,3.7,12.4,essence,1,panne_critique
155810,2,4588,119,1.8,12.5,diesel,11,panne_probable
297890,9,4090,113,1.3,13.1,essence,5,panne_critique
54377,17,1363,129,0.8,11.6,diesel,10,panne_critique
141672,3,1832,116,2.4,13.6,essence,7,entretien_conseille
230732,6,1241,69,2.4,11.6,essence,11,entretien_conseille
176836,5,3674,99,3.9,12.2,diesel,1,entretien_conseille
210615,5,1567,66,1.4,12.9,essence,8,panne_probable
50714,15,2766,97,2.0,14.0,essence,14,aucune_panne
107946,17,1131,120,3.7,13.8,essence,1,panne_critique
110983,9,4978,62,3.8,13.5,diesel,0,entretien_conseille
192563,3,1906,110,2.0,11.6,essence,9,panne_critique
129123,17,3228,106,2.3,13.1,diesel,1,panne_critique
87989,10,1869,127,1.7,11.3,essence,11,panne_probable
183274,3,1530,97,4.2,12.4,essence,7,aucune_panne
168707,18,2351,95,1.0,12.6,essence,4,panne_critique
270564,18,1836,100,4.2,11.2,essence,0,panne_critique
136373,17,3510,128,3.2,12.0,diesel,14,panne_probable
120294,3,1175,72,2.6,14.6,essence,5,aucune_panne
129019,3,3510,117,0.6,14.6,diesel,11,panne_probable
70726,6,2026,109,2.4,12.3,diesel,7,entretien_conseille
146564,13,1719,89,2.1,11.2,essence,12,entretien_conseille
273246,15,2536,121,1.1,11.7,essence,18,panne_critique
186408,9,4956,84,3.1,12.5,diesel,0,panne_probable
123015,4,3148,86,4.4,14.6,diesel,10,aucune_panne
221386,14,4993,110,2.7,11.5,essence,19,panne_critique
259079,5,1983,116,3.4,13.9,essence,0,panne_critique
31641,2,1359,106,0.8,11.4,essence,7,panne_critique
170656,11,2710,98,2.2,14.7,essence,4,entretien_conseille
168817,9,1098,75,1.0,12.5,essence,16,panne_probable
41631,3,2433,81,3.0,13.9,diesel,7,aucune_panne
247289,9,2825,113,4.3,12.3,essence,9,panne_probable
77991,3,2871,80,3.1,13.4,essence,1,aucune_panne
9014,2,774,75,0.8,11.7,diesel,8,panne_probable
278237,12,4171,118,1.9,11.6,essence,2,panne_critique
23070,10,1536,90,2.7,14.6,essence,17,aucune_panne
61958,9,1199,101,2.1,14.5,diesel,6,aucune_panne
87074,15,837,91,3.8,14.4,essence,14,aucune_panne
15729,8,2797,118,3.8,13.4,diesel,19,entretien_conseille
235785,5,4396,93,2.9,14.1,essence,17,entretien_conseille
181089,11,2585,68,2.0,11.3,essence,2,panne_critique
202392,2,3457,70,1.5,12.3,essence,13,aucune_panne
163823,15,4620,69,0.9,12.2,diesel,1,panne_critique
110864,6,2600,76,1.9,13.4,diesel,13,aucune_panne
214141,8,3310,127,2.2,12.4,diesel,10,panne_probable
59748,5,4686,107,3.2,11.6,diesel,15,panne_probable
10801,16,2149,111,3.1,13.3,essence,7,panne_probable
155262,18,1246,84,0.8,14.1,diesel,6,panne_critique
240362,6,2703,80,2.1,12.5,diesel,10,aucune_panne
34592,5,2796,124,1.2,11.5,diesel,2,panne_critique
277791,16,1403,122,1.1,11.7,essence,16,panne_critique
144788,13,3103,110,3.8,11.9,essence,13,panne_probable
224963,5,2325,95,0.7,12.1,diesel,5,panne_probable
253710,13,4031,125,2.2,13.4,diesel,7,panne_critique
225984,17,3678,74,1.2,13.3,essence,4,panne_critique
263067,18,3539,98,4.0,13.6,diesel,7,panne_critique
269512,8,4084,129,2.7,12.4,diesel,1,panne_critique
82575,13,3359,60,1.4,14.1,diesel,14,entretien_conseille
273799,19,2561,82,2.5,11.8,diesel,11,panne_critique
242549,3,3556,98,3.4,12.8,essence,16,aucune_panne
75031,8,1385,116,4.3,14.0,essence,0,panne_probable
92922,2,4983,93,1.4,11.7,essence,14,panne_probable
129046,8,2319,100,4.0,11.4,diesel,13,aucune_panne
37097,13,2131,72,4.2,14.4,diesel,19,aucune_panne
147038,13,1575,129,4.2,12.3,essence,15,entretien_conseille
129862,1,3161,65,3.0,13.6,essence,8,aucune_panne
235229,6,2065,111,3.0,11.1,essence,0,panne_critique
123834,19,1943,62,2.1,13.6,diesel,16,entretien_conseille
98848,16,862,122,3.5,12.2,essence,12,panne_probable
57921,8,2674,108,2.6,11.2,diesel,4,panne_probable
185798,1,3991,106,3.2,13.3,diesel,9,panne_probable
131141,16,969,114,2.2,11.9,essence,5,panne_critique
186372,9,1331,123,3.4,12.5,essence,18,panne_probable
289821,13,1605,124,3.8,11.3,diesel,12,panne_critique
60609,11,4171,126,1.1,11.6,essence,0,panne_critique
232897,13,3953,74,3.8,12.1,essence,19,entretien_conseille
36024,10,2714,91,2.7,11.3,diesel,14,aucune_panne
75313,4,2341,127,3.9,14.5,diesel,13,entretien_conseille
189078,6,904,77,2.2,11.0,diesel,7,entretien_conseille
118632,7,1281,102,2.0,12.8,diesel,9,aucune_panne
256451,5,1540,94,4.2,11.5,diesel,8,panne_probable
8051,11,2419,117,1.5,12.2,essence,16,entretien_conseille
184819,13,3343,92,3.9,14.5,diesel,8,entretien_conseille
92235,19,2997,73,2.4,11.6,diesel,2,panne_critique
202484,10,1574,93,2.6,14.7,diesel,10,aucune_panne
194407,10,1389,120,1.7,11.8,essence,11,panne_critique
216810,11,4700,63,2.8,13.8,diesel,9,entretien_conseille
208687,7,3841,118,1.8,13.1,diesel,16,panne_probable
78523,18,2122,88,0.7,14.4,diesel,16,panne_probable
241175,4,1371,65,1.6,13.1,essence,10,aucune_panne
99476,2,1871,108,0.5,13.0,diesel,3,panne_probable
238841,14,4426,99,4.4,11.7,diesel,6,panne_probable
284163,13,1643,124,4.4,11.6,diesel,13,panne_critique
227866,12,2149,128,2.1,14.5,essence,6,panne_probable
91672,7,4437,86,3.4,12.2,essence,7,aucune_panne
78847,2,3239,65,1.9,12.4,essence,0,aucune_panne
215706,13,4659,72,3.2,13.9,essence,3,entretien_conseille
33251,14,4960,123,3.7,12.3,diesel,11,panne_probable
108481,17,3061,121,4.3,14.6,diesel,2,panne_critique
30945,9,4352,78,2.1,13.8,essence,12,aucune_panne
37217,17,4370,102,3.6,13.3,essence,19,entretien_conseille
13308,8,2453,79,1.6,14.3,diesel,5,aucune_panne
273093,2,3052,127,4.5,11.2,diesel,10,panne_critique
188062,13,2638,103,0.6,12.0,essence,3,panne_probable
225552,3,1070,82,2.9,12.8,essence,19,aucune_panne
105235,16,2631,61,3.1,11.9,essence,15,panne_probable
79740,6,1124,81,3.3,13.8,essence,6,aucune_panne
230913,19,1594,116,1.0,14.5,diesel,10,panne_critique
284040,7,1297,66,4.3,12.6,essence,0,panne_probable
182247,10,3762,115,1.2,12.3,essence,6,panne_critique
143877,9,3036,126,3.0,14.7,diesel,11,entretien_conseille
10237,2,2387,75,1.4,12.7,diesel,6,entretien_conseille
25056,15,1272,110,1.7,12.9,diesel,6,entretien_conseille
181615,5,2790,71,2.7,12.3,diesel,9,aucune_panne
192628,4,4369,112,2.2,14.5,diesel,15,panne_probable
119548,4,4972,64,1.1,13.2,essence,7,entretien_conseille
139415,18,2333,86,1.2,13.9,essence,8,panne_probable
34375,4,2217,71,2.2,14.1,essence,8,aucune_panne
145734,17,4993,76,3.5,12.3,diesel,1,panne_probable
21964,12,3357,65,4.1,12.6,essence,12,aucune_panne
118429,17,4348,64,0.8,14.2,diesel,12,panne_critique
257764,10,4288,116,2.1,12.4,essence,3,panne_critique
195710,1,2237,87,0.9,14.0,essence,11,panne_probable
221139,18,3837,128,0.6,14.6,diesel,16,panne_critique
72215,18,797,118,3.1,13.4,diesel,1,panne_critique
149356,14,3915,92,2.9,13.8,essence,12,aucune_panne
208861,15,4450,121,1.2,14.1,essence,17,panne_critique
14435,12,3857,109,1.4,14.2,essence,14,panne_critique
180150,4,1043,78,0.6,12.5,essence,7,panne_probable
56293,3,1310,128,3.8,11.2,essence,14,panne_probable
83781,12,2427,125,4.4,12.5,diesel,0,panne_probable
196475,7,2990,106,1.0,13.6,diesel,19,panne_critique
165196,11,2554,98,1.4,12.7,diesel,9,panne_probable
231507,1,3308,127,4.0,13.8,diesel,11,panne_probable
244833,6,2779,92,4.2,12.4,essence,4,aucune_panne
257377,15,3024,72,2.2,13.4,essence,8,panne_probable
171319,15,1877,113,0.7,11.7,diesel,7,panne_critique
126172,19,1791,66,0.7,13.8,essence,15,panne_probable
64101,11,3491,73,2.8,13.1,diesel,13,aucune_panne
293790,2,2449,78,2.1,11.8,essence,12,panne_probable
28049,14,3375,113,0.6,12.1,essence,12,panne_critique
215677,2,1481,79,2.8,13.8,essence,4,aucune_panne
73385,4,3748,88,0.5,12.8,diesel,15,entretien_conseille
131131,17,2805,83,3.6,11.8,diesel,10,panne_probable
201489,3,4567,122,1.7,14.7,diesel,4,panne_probable
28289,13,2813,116,0.7,13.7,diesel,12,panne_critique
276967,9,4670,67,2.9,14.6,essence,10,panne_probable
196232,7,2691,121,2.1,12.6,essence,18,panne_probable
14540,15,1767,88,4.4,12.8,essence,2,entretien_conseille
21364,11,2277,76,2.7,14.4,essence,14,aucune_panne
32663,2,1711,125,1.6,13.0,diesel,6,entretien_conseille
56991,15,2974,65,3.3,13.7,essence,6,aucune_panne
193751,14,2514,117,1.6,12.0,essence,5,panne_probable
167049,11,3126,128,4.1,12.7,essence,2,panne_critique
99704,3,3251,87,2.0,11.5,diesel,12,aucune_panne
54115,17,4357,121,2.7,11.8,diesel,6,panne_critique
224295,12,707,100,0.7,11.0,diesel,4,panne_critique
196962,15,3255,128,2.2,11.1,essence,17,panne_critique
202459,16,1175,100,3.8,14.7,diesel,7,panne_probable
154143,5,2911,108,3.7,11.9,essence,16,panne_critique
195347,6,1184,108,1.4,13.5,essence,19,panne_critique
16938,19,2985,62,1.4,14.2,essence,0,panne_critique
9000,5,4225,69,3.8,13.1,diesel,13,aucune_panne
206660,3,4039,94,4.2,11.6,diesel,16,panne_probable
256492,1,3522,61,0.9,13.8,essence,9,panne_critique
43304,6,3624,83,2.3,13.3,essence,11,aucune_panne
87986,15,958,97,1.8,13.8,diesel,15,aucune_panne
156836,2,982,81,4.0,13.9,diesel,13,aucune_panne
113940,3,2598,85,0.8,14.7,diesel,15,entretien_conseille
270517,17,4835,102,1.3,13.2,essence,7,panne_critique
148233,12,3676,114,3.5,12.3,essence,9,entretien_conseille
102532,18,2967,98,0.7,13.5,essence,16,panne_probable
105386,15,3900,88,2.5,11.3,diesel,17,entretien_conseille
32350,12,1312,79,2.3,14.4,diesel,19,aucune_panne
98008,16,1387,100,1.8,11.5,diesel,15,panne_probable
30351,8,4390,113,2.1,12.2,essence,16,entretien_conseille
93668,14,1312,79,2.6,14.1,essence,15,aucune_panne
119585,17,3007,78,1.1,13.3,diesel,18,panne_probable
212869,8,3713,125,2.8,12.5,essence,7,panne_probable
70953,15,2481,89,3.7,12.8,diesel,5,aucune_panne
287502,14,3291,112,3.5,14.2,essence,5,panne_critique
8267,18,3396,93,1.1,12.3,diesel,8,panne_probable
87745,7,4658,81,1.1,14.3,essence,3,entretien_conseille
162164,3,1274,126,1.6,11.3,essence,11,panne_critique
16338,12,2610,65,1.9,14.0,diesel,11,aucune_panne
136484,3,4304,86,2.1,14.2,diesel,16,aucune_panne
12543,14,1369,69,3.2,11.7,diesel,14,entretien_conseille
65692,15,1983,107,0.7,12.6,diesel,8,panne_critique
225156,14,1623,129,0.6,11.6,diesel,6,panne_critique
228992,7,1825,118,2.1,13.7,essence,9,panne_probable
43756,17,2229,118,3.3,13.0,diesel,15,panne_probable
23888,12,2294,61,1.3,13.4,diesel,11,entretien_conseille
171807,4,946,88,3.1,11.7,diesel,6,entretien_conseille
119352,9,4411,127,1.5,11.8,essence,17,panne_probable
90999,6,2260,124,4.0,11.2,diesel,14,panne_probable
22955,16,3100,85,4.1,12.2,diesel,5,entretien_conseille
75640,2,2943,69,1.7,13.1,diesel,11,aucune_panne
201582,8,4564,112,1.4,14.3,essence,10,panne_critique
224798,11,2639,118,2.1,13.5,essence,19,panne_probable
66476,13,3769,81,1.5,12.7,diesel,2,entretien_conseille
172280,17,926,110,3.2,14.6,essence,1,panne_critique
156222,8,4247,107,3.8,13.7,diesel,5,panne_probable
76180,18,964,80,3.2,14.5,essence,4,entretien_conseille
179358,18,2095,81,3.8,13.0,diesel,17,panne_probable
117856,14,4257,89,2.1,12.0,essence,15,aucune_panne
191141,15,1345,84,1.1,11.2,diesel,7,panne_critique
115448,6,3690,87,3.5,13.8,diesel,19,aucune_panne
19397,11,2599,124,1.9,11.5,essence,10,panne_probable
183031,13,3204,104,3.2,12.2,diesel,9,entretien_conseille
124180,1,3472,127,1.6,13.0,diesel,11,entretien_conseille
71234,6,1854,66,0.8,13.1,diesel,5,entretien_conseille
44954,9,1287,108,4.5,13.3,diesel,19,entretien_conseille
183352,8,2521,68,1.1,11.6,essence,4,panne_critique
84459,11,1685,95,4.5,12.4,diesel,8,aucune_panne
200004,19,4779,60,4.4,13.3,essence,15,panne_probable
205968,9,4048,69,3.7,14.7,essence,13,entretien_conseille
64163,17,4531,95,3.1,13.8,essence,7,entretien_conseille
56934,12,1941,105,2.8,14.5,essence,19,aucune_panne
200967,14,889,91,4.0,13.9,diesel,18,entretien_conseille
10486,15,1680,91,1.7,13.2,diesel,13,aucune_panne
144407,16,2398,65,2.4,11.7,essence,6,panne_probable
131020,1,2415,107,3.0,13.5,diesel,4,entretien_conseille
107795,10,3293,97,2.1,13.4,essence,17,aucune_panne
225184,8,4836,76,2.2,13.3,diesel,1,panne_probable
147202,18,1798,86,1.8,12.9,diesel,10,entretien_conseille
242027,1,3026,113,2.8,13.0,diesel,7,panne_probable
123324,2,3947,109,3.9,12.3,essence,0,panne_probable
202775,1,1595,94,1.3,13.0,essence,11,panne_probable
294336,1,2374,84,4.2,11.8,diesel,1,panne_critique
268206,9,3609,87,3.3,14.1,essence,17,entretien_conseille
89076,13,1630,74,3.8,11.7,essence,6,entretien_conseille
94780,1,1423,63,2.7,11.3,diesel,16,aucune_panne
157617,13,3640,86,3.6,12.7,essence,13,entretien_conseille
26689,7,1789,85,0.6,13.5,diesel,6,entretien_conseille
278318,2,1635,78,3.8,12.7,diesel,2,panne_probable
14348,6,2995,76,0.7,12.1,diesel,5,entretien_conseille
43102,7,855,102,4.1,13.1,essence,19,aucune_panne
79460,14,1770,100,4.5,12.3,diesel,1,entretien_conseille
94930,18,2658,101,1.7,14.5,diesel,16,entretien_conseille
11801,15,3201,109,1.3,14.5,essence,11,panne_critique
108150,2,4919,99,3.6,12.9,essence,11,aucune_panne
208339,10,4530,98,1.5,12.2,essence,16,entretien_conseille
184208,12,1554,82,4.0,13.8,essence,9,entretien_conseille
159697,17,1339,111,0.9,11.1,diesel,2,panne_critique
218945,8,2938,106,1.0,12.8,essence,19,panne_critique
236915,11,2302,122,4.4,12.3,essence,17,panne_probable
208664,3,1141,128,3.2,14.5,essence,12,panne_probable
213124,6,2036,102,3.9,11.0,essence,11,entretien_conseille
6542,9,4400,107,1.8,13.1,diesel,16,entretien_conseille
288821,6,1648,93,3.2,13.8,essence,3,entretien_conseille
182804,9,4073,99,2.9,12.8,diesel,9,entretien_conseille
186415,7,1159,120,2.9,11.3,essence,10,panne_critique
44081,9,1092,109,3.2,14.7,diesel,5,entretien_conseille
198928,18,4638,126,2.8,13.0,diesel,5,panne_critique
224930,12,2487,121,2.2,13.3,essence,8,panne_probable
286209,8,2957,117,1.6,11.9,diesel,14,panne_critique
219532,8,1838,92,3.6,12.8,essence,1,entretien_conseille
93092,18,4508,75,1.4,12.6,diesel,3,panne_critique
294106,15,3154,107,3.3,11.3,diesel,4,panne_critique
33295,7,2166,69,1.4,11.4,diesel,16,panne_probable
18807,11,4374,97,3.0,14.2,essence,7,aucune_panne
162504,16,2077,78,3.5,11.9,diesel,7,panne_critique
243067,4,3297,95,1.4,11.7,essence,11,panne_critique
173152,6,841,118,0.7,12.9,diesel,7,panne_critique
171981,3,3359,122,1.0,13.9,diesel,18,panne_critique
225411,9,1539,105,2.9,11.2,diesel,2,panne_probable
24870,10,4318,62,3.9,13.2,diesel,17,aucune_panne
208196,14,4617,124,0.7,11.5,diesel,18,panne_critique
253683,11,1295,67,3.4,11.1,diesel,18,panne_critique
239677,18,2604,110,1.9,11.2,essence,14,panne_critique
31790,12,980,65,2.4,14.2,essence,5,aucune_panne
123874,12,1123,98,4.2,11.4,essence,15,entretien_conseille
292433,13,4949,119,1.8,11.2,diesel,7,panne_critique
229786,13,2450,87,2.4,12.7,essence,15,entretien_conseille
20485,19,2667,113,0.6,14.2,diesel,17,panne_critique
91188,19,4788,96,0.8,12.0,essence,19,panne_critique
9748,14,4878,68,1.5,12.6,essence,15,aucune_panne
222841,4,3646,115,0.6,11.2,diesel,10,panne_critique
145507,13,2149,118,3.0,12.7,diesel,6,entretien_conseille
270853,8,3031,61,2.2,13.2,essence,16,entretien_conseille
128961,19,2920,120,2.7,13.2,essence,16,panne_probable
35355,12,4489,117,1.2,12.3,essence,11,panne_critique
191843,18,3510,119,1.7,12.2,essence,12,panne_critique
161542,6,2231,99,3.2,11.4,diesel,9,entretien_conseille
178416,18,3690,95,4.4,12.4,essence,6,panne_probable
44298,19,1843,96,0.7,11.4,diesel,13,panne_critique
66629,5,1633,77,4.1,13.9,diesel,0,aucune_panne
235907,9,2160,122,2.8,14.7,essence,16,panne_probable
295160,3,3423,81,2.8,14.7,diesel,3,entretien_conseille
28960,10,3212,70,2.5,14.3,essence,4,aucune_panne
218920,19,985,117,0.8,13.3,diesel,19,panne_critique
247804,3,964,116,0.9,13.7,diesel,6,panne_critique
134695,15,3067,63,2.9,12.1,essence,9,aucune_panne
239286,1,4147,66,1.9,13.4,diesel,16,entretien_conseille
133148,7,2462,120,4.2,12.7,diesel,6,entretien_conseille
287703,12,3748,113,2.1,12.8,essence,0,panne_critique
197714,17,3081,127,1.1,13.9,diesel,6,panne_critique
212611,5,2969,60,3.4,12.1,diesel,10,aucune_panne
288876,4,740,114,1.7,12.2,essence,8,panne_critique
264747,12,767,62,2.6,14.5,essence,11,panne_probable
96362,18,1687,97,3.3,11.2,diesel,2,panne_critique
280987,17,4708,60,4.1,12.8,diesel,3,panne_critique
119065,19,3898,97,3.7,14.5,diesel,3,entretien_conseille
22640,9,3224,88,3.2,13.3,essence,12,aucune_panne
57528,4,1785,64,3.2,13.1,diesel,18,aucune_panne
264214,2,3179,80,4.3,11.9,diesel,9,panne_probable
115133,4,2393,126,1.7,12.3,diesel,4,entretien_conseille
204938,2,3015,106,0.5,14.2,diesel,6,panne_critique
155159,15,1478,94,1.6,13.1,diesel,15,entretien_conseille
177502,2,2285,127,1.4,13.0,diesel,0,panne_critique
160576,4,2192,128,3.1,11.4,essence,11,panne_critique
16023,6,1360,60,3.0,11.1,essence,1,entretien_conseille
26447,7,2048,127,2.9,14.7,diesel,6,entretien_conseille
291103,10,1999,71,0.6,12.4,diesel,10,panne_critique
71203,19,4640,119,3.4,13.3,essence,12,panne_critique
165775,19,2686,86,1.8,11.3,essence,1,panne_critique
14337,12,2744,115,3.2,13.6,essence,6,entretien_conseille
51427,3,4216,82,2.7,14.5,diesel,14,aucune_panne
110787,13,1758,84,1.9,13.2,diesel,10,aucune_panne
167993,18,1676,80,1.0,11.5,diesel,1,panne_critique
132016,8,1427,120,0.9,13.2,diesel,6,panne_probable
271979,15,3227,122,3.8,13.9,essence,3,panne_critique
25159,1,3836,111,4.2,12.5,essence,10,entretien_conseille
183677,3,1042,84,3.1,14.3,essence,1,entretien_conseille
171619,8,2147,114,0.9,13.5,essence,15,panne_critique
87844,4,3079,105,2.1,14.4,diesel,6,aucune_panne
32532,16,4359,91,3.4,13.4,diesel,12,entretien_conseille
170421,10,1226,114,3.6,11.5,essence,4,panne_critique
127402,12,2596,64,1.0,12.2,essence,16,entretien_conseille
123012,14,2773,95,0.5,11.8,essence,11,panne_probable
61178,14,1105,108,3.3,14.5,essence,18,entretien_conseille
54407,2,2273,117,1.9,13.9,essence,6,entretien_conseille
55990,5,4440,98,1.5,13.6,diesel,5,aucune_panne
134473,5,4974,120,0.6,12.1,diesel,7,panne_critique
231156,6,4927,68,2.7,11.7,essence,12,panne_probable
173964,13,2546,65,3.9,13.9,essence,4,entretien_conseille
6015,9,2178,94,4.3,12.8,essence,1,aucune_panne
66813,15,3095,98,2.8,11.9,diesel,8,entretien_conseille
32712,14,1471,81,2.6,13.3,diesel,10,aucune_panne
105497,7,1278,100,0.8,11.2,diesel,5,panne_probable
247926,2,3601,64,2.7,12.2,essence,6,aucune_panne
117816,7,893,101,2.0,12.8,diesel,6,aucune_panne
133778,6,2707,126,2.9,11.6,essence,18,panne_probable
67292,17,1885,89,2.1,14.7,diesel,5,entretien_conseille
290977,2,3094,116,1.5,11.8,diesel,10,panne_critique
140230,3,3698,88,0.9,11.5,diesel,10,panne_probable
198752,5,2492,96,1.8,11.8,essence,6,entretien_conseille
287453,5,1810,72,0.9,13.9,essence,1,panne_critique
274114,1,4705,91,1.2,12.6,diesel,18,panne_critique
156456,8,2961,105,4.4,13.1,essence,3,aucune_panne
285161,12,4436,82,2.3,11.1,essence,5,panne_critique
110570,4,4493,104,2.6,11.1,essence,16,entretien_conseille
275846,13,2636,76,4.0,12.7,essence,4,panne_probable
5404,15,1429,125,4.5,14.1,essence,6,entretien_conseille
183998,11,4151,65,2.8,14.4,essence,8,entretien_conseille
279907,10,2840,77,3.7,11.3,essence,0,panne_critique
154456,3,2344,81,1.8,13.0,diesel,0,entretien_conseille
196172,14,3500,92,1.7,14.5,essence,18,entretien_conseille
145932,16,841,89,2.1,12.5,essence,5,entretien_conseille
240365,10,2155,91,3.2,14.2,diesel,17,aucune_panne
55612,10,2796,101,3.2,11.5,diesel,9,aucune_panne
290718,12,2025,69,1.8,14.6,diesel,10,panne_probable
290668,9,1913,95,1.0,13.9,diesel,0,panne_critique
205244,1,1859,93,3.0,14.6,essence,0,entretien_conseille
278060,5,1040,87,1.0,13.6,diesel,12,panne_critique
9809,8,4528,70,2.8,12.4,diesel,4,aucune_panne
168273,11,2668,98,3.3,14.6,essence,19,entretien_conseille
189402,12,1403,106,3.3,12.0,essence,0,panne_critique
149528,1,3129,78,3.5,12.3,essence,19,aucune_panne
43765,11,2500,74,4.0,13.7,diesel,2,entretien_conseille
26949,5,1555,87,2.5,13.9,essence,17,aucune_panne
206152,15,2512,83,3.4,14.5,diesel,8,entretien_conseille
181615,5,3566,68,3.0,11.8,essence,13,entretien_conseille
97193,12,4342,106,1.2,14.0,essence,16,panne_critique
41187,5,882,92,0.6,13.8,diesel,13,entretien_conseille
143311,17,3812,121,1.6,11.2,essence,3,panne_critique
281633,17,2217,78,2.3,12.5,essence,4,panne_critique
194089,12,2056,126,3.0,12.1,essence,16,panne_probable
66877,15,2874,99,3.9,12.2,essence,1,entretien_conseille
99074,15,4329,106,1.3,14.7,essence,4,panne_critique
168121,6,4328,124,1.0,13.4,diesel,3,panne_critique
42131,12,4796,88,4.4,13.7,diesel,3,aucune_panne
120765,18,3939,109,0.9,14.7,essence,5,panne_critique
111884,14,4391,72,2.4,12.4,diesel,19,aucune_panne
130917,2,718,60,2.8,14.0,diesel,12,aucune_panne
291429,9,4103,93,2.7,12.7,diesel,4,panne_probable
178880,5,3704,107,0.8,14.3,essence,6,panne_critique
286342,1,1832,107,0.7,11.7,essence,19,panne_critique
20254,3,4039,108,0.9,14.6,essence,0,panne_critique
49238,6,4011,123,2.8,11.8,diesel,13,panne_probable
6252,5,4072,120,2.7,12.2,diesel,3,entretien_conseille
86317,5,1687,88,1.4,13.9,essence,16,entretien_conseille
83587,1,4021,98,3.1,12.5,essence,13,aucune_panne
11949,17,873,85,3.8,13.3,diesel,15,entretien_conseille
243897,19,4441,76,0.7,12.7,diesel,13,panne_critique
209625,14,3752,72,2.5,13.8,essence,15,entretien_conseille
143013,12,1426,128,3.3,11.9,diesel,19,panne_probable
30934,10,4460,85,1.5,11.2,diesel,7,entretien_conseille
261434,18,2575,108,1.7,12.1,diesel,2,panne_critique
255875,11,4733,126,3.0,12.8,diesel,18,panne_critique
75390,2,1689,66,4.1,11.6,diesel,0,entretien_conseille
188401,18,4444,117,3.7,12.3,diesel,1,panne_critique
258490,7,3386,108,2.8,12.5,diesel,14,panne_critique
48088,15,1119,112,3.4,11.2,essence,9,panne_probable
252940,11,1293,124,2.0,13.2,essence,17,panne_critique
221464,18,2474,121,3.1,14.4,diesel,13,panne_critique
223441,12,3159,76,2.4,11.6,diesel,16,panne_probable
287107,6,1635,102,1.3,13.3,diesel,12,panne_critique
130911,13,4508,84,3.3,13.5,essence,0,entretien_conseille
228777,16,1031,62,2.7,12.6,essence,4,panne_probable
281532,18,4149,88,1.9,13.7,diesel,12,panne_critique
10569,10,3402,91,4.1,12.6,essence,13,aucune_panne
74836,8,4706,85,0.6,12.9,diesel,2,panne_probable
109573,18,4568,75,1.8,11.0,diesel,14,panne_probable
263090,1,4900,84,0.7,13.6,diesel,18,panne_critique
148087,8,901,113,3.6,13.5,diesel,16,entretien_conseille
50002,6,3197,87,3.3,11.1,diesel,2,entretien_conseille
252666,5,2542,115,1.8,12.4,diesel,15,panne_critique
142326,15,2566,124,3.2,14.7,diesel,13,entretien_conseille
160286,15,2696,100,2.1,12.6,essence,11,entretien_conseille
216791,2,1609,110,3.5,12.9,diesel,11,panne_probable
207846,1,3889,88,2.3,14.5,essence,10,aucune_panne
142162,11,1470,78,2.1,13.7,diesel,16,aucune_panne
147709,10,3855,125,4.2,13.2,diesel,7,entretien_conseille
158487,18,3201,100,1.5,14.0,essence,16,panne_probable
29071,18,3414,104,1.0,14.3,essence,19,panne_probable
63243,17,4285,74,2.8,12.7,diesel,10,entretien_conseille
177312,8,2328,62,4.4,12.8,essence,1,entretien_conseille
262218,15,1086,70,2.0,12.5,diesel,9,panne_probable
219879,8,4121,112,0.7,14.7,diesel,9,panne_critique
33732,17,4708,105,1.9,13.6,essence,10,entretien_conseille
126465,12,4793,89,2.5,11.3,essence,5,entretien_conseille
62108,8,3166,116,1.1,14.3,essence,3,panne_probable
116195,14,2982,77,3.1,12.8,essence,11,aucune_panne
41668,4,2556,110,4.5,11.3,diesel,10,panne_probable
290205,1,2698,107,2.3,13.1,essence,12,panne_critique
44749,1,1936,125,1.9,12.6,essence,4,entretien_conseille
135560,19,4844,67,2.1,14.3,essence,5,entretien_conseille
152979,16,1850,81,1.0,11.8,essence,0,panne_critique
154849,14,2131,65,4.0,14.1,essence,5,entretien_conseille
229301,16,2519,116,2.2,13.1,diesel,17,panne_critique
56745,5,3024,95,2.0,11.2,diesel,8,aucune_panne
96865,9,1830,116,3.1,14.7,essence,14,entretien_conseille
217890,2,3358,108,2.3,12.9,essence,7,panne_probable
28624,18,4200,104,3.1,12.1,diesel,18,entretien_conseille
28321,6,1074,125,0.7,12.8,essence,15,panne_probable
289718,9,2820,104,3.8,14.3,diesel,5,entretien_conseille
179293,1,4720,79,4.3,12.2,diesel,5,entretien_conseille
264127,9,2721,123,3.1,11.7,essence,2,panne_critique
191717,16,4405,126,4.3,11.5,diesel,9,panne_critique
188868,13,3959,62,1.1,12.1,essence,0,panne_critique
140504,9,4135,113,2.4,14.0,essence,13,entretien_conseille
100257,13,2589,123,2.9,12.8,diesel,3,entretien_conseille
69291,9,2523,99,2.8,11.9,diesel,11,aucune_panne
215176,11,2174,118,2.1,11.6,essence,5,panne_critique
195471,4,2942,114,1.9,12.3,diesel,10,panne_probable
223803,2,3943,121,1.0,14.6,essence,11,panne_critique
116317,6,3834,63,2.1,12.3,diesel,9,aucune_panne
144789,14,2770,119,1.2,14.8,diesel,17,panne_critique
295843,4,1059,89,3.4,12.8,essence,6,entretien_conseille
78686,6,2741,61,1.3,11.7,essence,6,panne_probable
72661,19,1841,121,0.7,14.4,essence,10,panne_critique
49247,6,2335,108,2.7,12.7,diesel,3,entretien_conseille
250121,2,4700,68,2.9,13.7,essence,19,panne_probable
152820,18,2643,90,4.0,14.7,essence,0,panne_critique
271765,13,4061,120,2.8,11.2,diesel,12,panne_critique
151106,9,3680,107,1.9,11.4,diesel,17,panne_critique
263930,19,706,84,3.7,13.7,essence,8,panne_critique
141194,13,3967,95,2.7,12.1,essence,8,aucune_panne
285174,11,2291,67,0.8,11.7,essence,8,panne_critique
43638,1,3964,117,2.8,11.1,essence,9,panne_probable
123033,7,3306,104,4.1,11.1,diesel,1,entretien_conseille
110977,15,3919,121,2.1,13.9,diesel,5,entretien_conseille
93869,1,3973,98,1.7,11.5,essence,14,aucune_panne
110186,12,1613,117,1.1,12.8,essence,2,panne_critique
171926,7,2711,123,1.1,13.3,essence,10,panne_critique
51271,15,2142,103,2.2,12.6,diesel,5,aucune_panne
146339,19,3754,88,2.9,11.1,essence,2,panne_critique
226897,1,4246,118,0.8,14.0,essence,10,panne_critique
6062,17,4921,68,4.3,11.0,diesel,14,panne_probable
252736,17,3628,65,3.5,13.9,diesel,12,panne_critique
55448,3,2529,88,2.8,14.4,essence,19,aucune_panne
100462,12,1275,117,3.8,12.6,essence,9,entretien_conseille
250885,6,1629,76,0.8,13.0,diesel,5,panne_critique
52915,11,4459,75,2.4,12.8,essence,14,aucune_panne
271776,3,4399,62,3.0,12.5,essence,17,panne_probable
109592,8,2163,80,3.8,14.4,diesel,17,aucune_panne
139668,14,3975,123,3.6,14.4,diesel,6,entretien_conseille
113099,14,1754,95,1.6,12.3,diesel,14,aucune_panne
12561,10,2600,121,4.3,13.3,essence,17,entretien_conseille
87152,2,2157,101,1.0,14.5,diesel,17,entretien_conseille
130036,14,2099,101,4.0,14.7,diesel,19,aucune_panne
31734,9,4115,120,4.4,12.9,essence,8,entretien_conseille
31069,3,1142,72,1.2,12.7,essence,1,panne_probable
215977,8,4350,70,3.4,12.1,diesel,7,entretien_conseille
17910,16,1878,113,0.7,14.6,diesel,19,panne_critique
86264,2,1957,75,2.1,11.5,essence,1,entretien_conseille
28275,6,4334,67,2.6,13.2,essence,10,aucune_panne
77274,12,2541,118,2.8,12.1,diesel,6,entretien_conseille
196076,5,3009,116,4.2,12.1,diesel,5,panne_probable
199053,2,1610,99,3.2,12.5,essence,9,aucune_panne
190625,16,4709,118,2.4,14.8,diesel,4,panne_critique
53447,5,2869,61,3.7,11.2,essence,10,aucune_panne
80703,15,2872,69,4.3,13.2,diesel,0,entretien_conseille
284404,12,823,103,0.6,11.3,essence,1,panne_critique
117581,4,3858,70,4.4,11.6,essence,0,entretien_conseille
270956,15,1485,61,0.8,12.7,diesel,18,panne_critique
194728,11,3116,109,3.8,12.9,diesel,1,panne_critique
121421,16,1496,71,1.6,12.0,essence,19,entretien_conseille
6605,6,4872,82,1.0,12.2,diesel,3,entretien_conseille
77303,14,4854,77,2.3,11.3,diesel,11,entretien_conseille
163211,18,2636,121,3.1,12.2,diesel,19,panne_critique
192210,12,2856,121,2.0,14.7,essence,17,panne_probable
266949,11,4507,97,0.7,14.6,diesel,0,panne_critique
149990,13,2001,126,2.9,12.3,diesel,0,panne_probable
163518,11,4863,97,4.1,13.2,essence,13,entretien_conseille
129040,16,3840,126,2.0,14.5,diesel,3,panne_probable
149118,15,3936,120,1.4,11.0,diesel,4,panne_critique
236966,15,3052,60,2.3,14.1,essence,10,entretien_conseille
271468,4,2632,104,0.7,14.6,essence,12,panne_critique
276255,11,3421,87,3.8,11.3,diesel,15,panne_critique
21389,19,1064,80,3.8,11.6,diesel,12,panne_probable
127177,15,3090,72,2.9,14.7,essence,1,entretien_conseille
164818,4,1646,86,1.9,13.0,essence,15,aucune_panne
127883,13,2077,66,3.7,11.1,diesel,5,entretien_conseille
223958,19,2139,81,2.7,12.0,diesel,13,panne_probable
243213,2,3880,112,3.8,12.7,diesel,0,panne_critique
117221,14,1040,63,3.0,13.6,essence,16,aucune_panne
280378,4,3689,82,3.6,13.8,diesel,10,entretien_conseille
265669,16,1082,129,2.9,14.8,essence,18,panne_critique
239936,14,2256,92,2.2,12.1,essence,2,panne_probable
5846,15,999,87,4.3,13.0,essence,10,aucune_panne
15954,3,838,67,2.7,13.0,diesel,4,aucune_panne
249761,8,1058,60,2.9,12.5,diesel,16,aucune_panne
142541,16,2222,96,1.4,11.6,diesel,6,panne_critique
69323,10,4156,122,3.0,14.7,essence,9,entretien_conseille
96922,4,2327,81,2.8,14.2,diesel,10,aucune_panne
194139,18,2003,129,1.2,12.9,essence,2,panne_critique
185448,2,1834,80,0.7,13.3,essence,19,panne_probable
181659,17,2886,94,2.9,11.9,essence,9,panne_critique
240659,13,3870,64,3.6,13.1,essence,9,entretien_conseille
109537,4,4535,119,2.6,13.6,essence,13,entretien_conseille
246983,11,2851,105,1.4,13.0,essence,11,panne_probable
47533,7,1937,109,3.2,14.8,diesel,14,entretien_conseille
268972,12,4435,107,0.8,13.3,essence,9,panne_critique
6917,10,3534,65,2.3,12.4,diesel,9,aucune_panne
287762,7,4960,115,1.2,13.9,essence,18,panne_critique
37254,13,1698,118,1.2,11.6,diesel,0,panne_critique
266987,7,3267,88,1.3,12.5,diesel,9,panne_critique
52362,17,2007,77,2.0,12.3,diesel,1,panne_probable
287272,10,1356,61,0.7,12.6,diesel,16,panne_critique
247353,10,3360,67,2.1,14.0,essence,6,aucune_panne
195455,4,2911,113,2.5,12.8,essence,6,panne_probable
70545,4,2609,97,2.4,14.0,essence,19,aucune_panne
87180,7,4430,107,2.0,13.2,essence,8,entretien_conseille
92958,1,2746,86,3.9,12.3,diesel,1,aucune_panne
10287,12,3862,79,1.1,14.1,diesel,13,entretien_conseille
262665,13,1840,71,2.5,11.9,diesel,16,panne_critique
13512,10,966,102,0.7,11.9,essence,0,panne_critique
137414,15,2545,120,0.8,12.9,diesel,8,panne_critique
113872,13,2408,90,2.8,12.0,essence,19,aucune_panne
252754,9,4330,120,2.8,11.0,diesel,18,panne_critique
98070,9,3911,126,4.0,13.5,diesel,3,entretien_conseille
84767,15,2993,94,2.7,12.9,diesel,7,aucune_panne
102829,10,4432,74,4.3,12.7,diesel,12,aucune_panne
47078,10,4529,75,0.7,14.7,diesel,3,entretien_conseille
88524,8,2210,72,0.9,13.2,essence,8,entretien_conseille
232645,16,1175,94,0.7,14.3,diesel,8,panne_critique
17219,17,1676,118,1.2,11.5,essence,17,panne_critique
267379,5,1907,80,2.7,13.2,essence,11,entretien_conseille
132309,4,2660,113,3.1,14.3,essence,9,entretien_conseille
144639,18,1257,89,0.7,13.2,essence,10,panne_probable
201513,19,1582,107,4.3,13.7,essence,6,panne_critique
253320,4,2894,94,3.9,12.4,essence,8,entretien_conseille
141487,7,3367,97,1.7,11.4,essence,5,aucune_panne
172231,10,2310,90,0.8,12.7,essence,18,panne_probable
48925,18,4188,83,1.2,12.5,diesel,15,panne_critique
142023,19,3154,108,1.0,14.3,diesel,14,panne_critique
92388,4,2646,91,1.0,11.9,essence,6,panne_probable
13007,10,3508,114,2.6,14.7,essence,15,entretien_conseille
262802,1,4525,117,1.5,14.6,essence,4,panne_critique
63596,18,4236,62,1.9,11.9,diesel,15,panne_probable
260266,5,4502,128,4.5,12.3,diesel,0,panne_critique
20524,15,4877,69,3.2,14.4,essence,18,aucune_panne
160002,17,2670,84,4.3,14.7,essence,4,panne_probable
130501,3,4522,127,1.1,12.7,diesel,6,panne_critique
287755,12,3519,120,2.0,12.2,diesel,18,panne_critique
153056,2,1602,88,2.7,13.0,essence,4,aucune_panne
19060,1,1064,78,0.8,13.6,essence,16,entretien_conseille
219057,17,4958,102,0.5,12.0,essence,7,panne_critique
195279,16,3819,125,3.2,13.8,essence,0,panne_critique
211118,5,3258,120,3.1,11.2,diesel,1,panne_critique
165359,15,2563,102,2.1,11.2,diesel,14,panne_probable
44711,3,815,84,2.5,12.5,essence,19,aucune_panne
148026,7,3084,79,2.2,12.3,essence,17,aucune_panne
223134,11,4635,107,0.6,12.2,essence,10,panne_critique
107974,10,3190,83,1.8,12.9,diesel,9,aucune_panne
154646,9,1642,70,1.2,12.2,essence,3,panne_probable
155168,14,2424,114,0.9,11.7,essence,4,panne_critique
72728,13,3034,87,4.3,12.2,essence,3,aucune_panne
170088,2,3467,128,2.9,14.7,diesel,12,panne_probable
16246,3,1837,122,3.4,12.6,essence,12,entretien_conseille
97263,7,3227,118,1.8,12.7,diesel,17,entretien_conseille
16302,18,4817,64,2.1,13.2,essence,1,panne_probable
46157,3,4120,110,1.4,14.7,essence,15,panne_critique
59917,10,4606,80,0.9,11.9,essence,0,panne_critique
228810,7,4337,71,1.2,13.6,diesel,18,panne_probable
101646,9,3653,109,3.7,13.7,essence,8,entretien_conseille
291663,17,3067,63,3.2,13.3,essence,2,panne_critique
272552,11,4921,101,2.7,11.3,diesel,6,panne_critique
64379,7,976,97,2.4,13.6,diesel,9,aucune_panne
30053,14,2699,84,4.2,11.2,diesel,0,panne_probable
136994,19,1927,73,0.8,13.3,essence,9,panne_probable
103723,4,4452,91,1.6,13.8,diesel,8,aucune_panne
56356,6,4435,70,1.9,11.8,essence,14,entretien_conseille
277933,10,1395,120,3.6,14.2,diesel,14,panne_critique
37154,7,2009,77,4.5,11.1,diesel,2,entretien_conseille
218942,13,4852,86,1.5,14.2,diesel,4,entretien_conseille
269480,14,3934,114,4.0,12.7,essence,8,panne_critique
286173,4,4814,113,3.8,11.8,essence,8,panne_critique
37265,8,3011,80,1.4,11.5,essence,6,panne_probable
248322,5,3541,103,2.1,14.6,essence,11,aucune_panne
179944,1,4908,64,2.1,11.3,essence,8,panne_probable
51197,4,4259,100,4.4,11.8,essence,5,entretien_conseille
159782,3,4098,118,1.2,12.3,essence,1,panne_critique
165558,9,1241,113,3.7,13.4,essence,8,panne_probable
76907,8,3394,81,1.8,13.1,essence,16,aucune_panne
207967,1,1788,124,3.4,11.5,diesel,0,panne_critique
237604,6,4063,123,2.2,12.1,diesel,18,panne_probable
287247,9,724,63,2.8,11.9,essence,5,panne_critique
69772,7,2272,124,3.8,11.8,essence,4,panne_probable
131108,4,3658,74,3.7,12.6,essence,1,aucune_panne
19382,13,4936,81,4.0,13.7,essence,8,aucune_panne
89291,17,2467,106,0.7,11.8,diesel,13,panne_critique
139828,2,2935,105,3.3,12.4,diesel,3,aucune_panne
287753,5,900,73,1.1,12.5,essence,3,panne_critique
152550,12,3898,109,2.2,14.7,diesel,14,panne_probable
237050,8,956,79,2.7,14.6,diesel,7,aucune_panne
135330,6,4447,109,2.1,14.0,essence,3,entretien_conseille
76315,8,2941,92,2.6,11.9,essence,15,aucune_panne
19153,18,3875,118,4.5,11.3,essence,3,panne_critique
81325,3,4306,102,1.0,12.2,essence,15,entretien_conseille
245773,12,4036,71,3.2,12.0,diesel,11,entretien_conseille
60318,3,1113,99,2.1,12.9,essence,15,aucune_panne
81077,6,2714,79,1.0,14.0,diesel,18,entretien_conseille
138515,2,2081,97,1.1,14.3,essence,7,entretien_conseille
211988,12,1798,62,4.3,14.2,diesel,5,entretien_conseille
130885,2,4126,87,4.0,12.4,essence,9,aucune_panne
22368,6,4355,115,4.1,13.6,essence,4,entretien_conseille
151400,17,1609,72,4.5,12.2,diesel,17,panne_probable
193014,3,887,125,1.3,11.2,diesel,9,panne_critique
96751,2,4744,96,1.9,13.7,diesel,9,aucune_panne
235203,8,4456,108,3.2,11.0,essence,6,panne_critique
294450,12,2715,125,2.4,12.6,diesel,17,panne_critique
175987,4,2792,95,2.2,12.3,diesel,0,entretien_conseille
216951,5,4344,113,1.9,13.6,diesel,6,panne_probable
200716,13,2830,85,2.9,13.9,diesel,0,panne_probable
65279,15,1057,99,2.8,12.2,diesel,14,aucune_panne
5126,16,3122,102,1.1,14.1,diesel,3,panne_probable
32632,10,4957,81,2.4,12.1,diesel,19,aucune_panne
201382,16,2197,79,2.7,12.7,diesel,9,panne_probable
114945,12,2858,67,2.8,13.8,diesel,8,aucune_panne
255869,17,3255,88,1.3,13.6,essence,1,panne_critique
222138,16,3042,99,3.5,14.8,essence,13,panne_probable
180399,12,3651,89,0.6,11.9,diesel,15,panne_critique
139869,8,1938,114,1.9,13.5,essence,0,panne_probable
183954,3,1673,75,3.6,13.3,essence,1,entretien_conseille
149790,16,4665,105,2.8,14.5,diesel,6,entretien_conseille
39560,13,1750,121,1.5,11.6,diesel,9,panne_probable
289260,19,4401,66,3.3,13.9,diesel,19,panne_critique
137717,8,3480,104,2.8,13.2,diesel,0,aucune_panne
183595,5,2288,118,3.7,12.0,diesel,12,panne_probable
129085,8,4578,115,3.4,12.8,diesel,0,panne_probable
286400,12,3068,107,2.9,12.3,essence,4,panne_critique
105158,1,1136,86,2.5,13.2,diesel,15,aucune_panne
189245,6,3528,112,1.0,14.4,essence,14,panne_critique
173502,18,2256,94,1.5,13.2,diesel,16,panne_probable
147766,8,4558,110,2.2,13.4,diesel,15,entretien_conseille
62545,7,2004,96,2.9,13.0,essence,12,aucune_panne
18224,1,3084,116,2.6,11.2,diesel,10,panne_probable
45738,16,882,67,1.7,11.9,diesel,16,panne_probable
185760,12,2289,79,0.5,12.9,essence,16,panne_probable
244690,6,2287,112,2.5,12.2,diesel,1,panne_critique
144649,2,1359,71,1.6,11.7,essence,12,aucune_panne
13070,14,859,108,3.4,12.9,diesel,13,entretien_conseille
131161,4,4653,76,0.6,12.2,diesel,10,entretien_conseille
13666,1,1711,123,2.8,12.0,essence,9,entretien_conseille
142855,18,752,101,4.3,12.8,diesel,2,panne_probable
46914,13,3007,88,1.2,11.5,essence,16,panne_probable
206579,2,1928,78,2.4,14.5,essence,14,aucune_panne
132738,9,1735,70,0.9,14.3,essence,8,entretien_conseille
251965,2,4402,109,3.0,13.7,diesel,9,panne_critique
287100,9,4745,117,2.7,11.4,diesel,7,panne_critique
223967,1,1964,93,2.1,13.9,essence,12,aucune_panne
99270,11,2584,79,2.6,14.1,diesel,17,aucune_panne
271901,3,2509,109,4.1,13.9,diesel,4,panne_critique
24097,4,3867,69,1.3,11.4,diesel,5,panne_probable
146467,18,4497,91,0.6,13.4,essence,16,panne_critique
152313,6,3041,111,3.9,14.2,diesel,10,panne_probable
163768,3,4114,74,2.8,13.2,essence,19,entretien_conseille
251726,11,1517,62,4.1,13.5,diesel,15,panne_probable
51163,15,3137,96,2.9,12.7,diesel,8,aucune_panne
24816,5,1588,99,3.7,13.0,essence,1,aucune_panne
238619,10,1367,99,2.2,11.1,diesel,4,entretien_conseille
160989,12,3324,115,3.5,13.4,essence,0,panne_critique
101731,15,4932,82,4.2,11.3,diesel,3,entretien_conseille
157638,17,1518,70,2.8,12.7,essence,3,panne_probable
211524,10,2888,123,1.2,12.1,diesel,2,panne_critique
67823,6,1806,67,1.6,13.1,diesel,8,aucune_panne
156878,18,2924,115,1.3,11.5,diesel,11,panne_critique
211592,13,897,119,1.5,13.6,essence,9,panne_probable
6759,3,3371,69,1.7,14.0,essence,1,aucune_panne
262164,10,4192,98,2.7,11.6,essence,10,panne_critique
138554,14,3148,87,2.9,11.4,diesel,9,entretien_conseille
291586,6,1170,108,2.2,11.6,essence,5,panne_critique
98501,3,2648,95,3.0,14.3,essence,17,aucune_panne
269223,16,4599,72,0.8,13.0,essence,1,panne_critique
64676,7,2710,95,0.9,12.8,essence,1,panne_probable
222516,14,4500,85,1.2,11.4,essence,9,panne_critique
178532,9,4818,63,2.6,13.5,essence,15,entretien_conseille
95397,15,4496,123,1.4,14.3,essence,11,panne_critique
77847,3,4688,97,1.6,14.1,essence,0,entretien_conseille
98607,2,934,81,2.1,13.4,essence,7,aucune_panne
225178,2,1628,61,3.7,11.3,essence,15,entretien_conseille
154521,3,4307,90,0.6,11.4,diesel,17,panne_critique
69077,18,1222,70,3.1,11.2,diesel,12,panne_probable
184374,14,4223,105,3.2,12.0,essence,14,entretien_conseille
262009,18,2329,121,3.7,11.5,diesel,11,panne_critique
142717,10,2016,128,4.2,12.0,diesel,7,entretien_conseille
43000,2,3557,123,0.6,12.5,essence,9,panne_probable
31737,1,1824,69,1.1,14.6,essence,13,entretien_conseille
278629,4,3287,99,4.0,13.3,essence,4,entretien_conseille
191240,14,1723,83,2.3,14.2,diesel,17,entretien_conseille
57487,1,2078,103,2.8,13.7,essence,18,aucune_panne
279486,14,4074,119,3.2,11.4,diesel,14,panne_critique
